section,scale,model,metric,delta_r,value,std_or_se,r2,aic,bic,notes
A_quotient_scaling,1000000,linear,fit,,,,0.98795432,-27.764444,-28.545568,a=0.87899519;b=0.066813696 | a_se=0.048937195;b_se=0.0042594361
A_quotient_scaling,1000000,power_one_plus,fit,,,,0.99747142,-35.569675,-36.3508,alpha=1.3575145;c=0.022181568 | alpha_se=0.063029324;c_se=0.0038147027
A_quotient_scaling,10000000,linear,fit,,,,0.98988042,-31.618881,-32.400005,a=0.91838506;b=0.049628004 | a_se=0.033284575;b_se=0.0028970504
A_quotient_scaling,10000000,power_one_plus,fit,,,,0.99621374,-36.534348,-37.315472,alpha=1.3048794;c=0.019256121 | alpha_se=0.073729914;c_se=0.0038643496
A_quotient_scaling,20000000,linear,fit,,,,0.98928474,-32.167434,-32.948559,a=0.92698889;b=0.04564072 | a_se=0.031507912;b_se=0.0027424118
A_quotient_scaling,20000000,power_one_plus,fit,,,,0.99573852,-36.777701,-37.558825,alpha=1.2978677;c=0.018115151 | alpha_se=0.077629475;c_se=0.0038263628
A_quotient_scaling,pooled,linear,fit,,,,0.9136535,-66.948087,-65.531986,a=0.90812304;b=0.054027474 | a_se=0.052925083;b_se=0.0046065372
A_quotient_scaling,pooled,power_one_plus,fit,,,,0.92068089,-68.221423,-66.805323,alpha=1.3240472;c=0.019814971 | alpha_se=0.17141986;c_se=0.009253639
B_wheel210,1000000,wheel210_random,H_wheel210,2,1.7531277,0.24450713,,,,
B_wheel210,1000000,wheel210_random,deltaH_210,2,-0.64902774,,,,,
B_wheel210,1000000,wheel210_random,R_210,2,0.62978868,,,,,
B_wheel210,1000000,wheel210_cramer,H_wheel210,2,1.7361354,0.074265675,,,,
B_wheel210,1000000,wheel210_cramer,deltaH_210,2,-0.63203542,,,,,
B_wheel210,1000000,wheel210_cramer,R_210,2,0.63595269,,,,,
B_wheel210,1000000,wheel210_random,H_wheel210,6,0.58608349,0.080332589,,,,
B_wheel210,1000000,wheel210_random,deltaH_210,6,1.0595165,,,,,
B_wheel210,1000000,wheel210_random,R_210,6,2.8077911,,,,,
B_wheel210,1000000,wheel210_cramer,H_wheel210,6,0.57042531,0.0086948054,,,,
B_wheel210,1000000,wheel210_cramer,deltaH_210,6,1.0751747,,,,,
B_wheel210,1000000,wheel210_cramer,R_210,6,2.884865,,,,,
B_wheel210,1000000,wheel210_random,H_wheel210,10,1.1561003,0.088351214,,,,
B_wheel210,1000000,wheel210_random,deltaH_210,10,1.1960997,,,,,
B_wheel210,1000000,wheel210_random,R_210,10,2.0345986,,,,,
B_wheel210,1000000,wheel210_cramer,H_wheel210,10,1.0843849,0.023758952,,,,
B_wheel210,1000000,wheel210_cramer,deltaH_210,10,1.2678151,,,,,
B_wheel210,1000000,wheel210_cramer,R_210,10,2.169156,,,,,
B_wheel210,1000000,wheel210_random,H_wheel210,14,1.1873036,0.035604251,,,,
B_wheel210,1000000,wheel210_random,deltaH_210,14,2.1679964,,,,,
B_wheel210,1000000,wheel210_random,R_210,14,2.8259833,,,,,
B_wheel210,1000000,wheel210_cramer,H_wheel210,14,1.1319395,0.048165815,,,,
B_wheel210,1000000,wheel210_cramer,deltaH_210,14,2.2233605,,,,,
B_wheel210,1000000,wheel210_cramer,R_210,14,2.9642043,,,,,
B_wheel210,1000000,wheel210_random,H_wheel210,18,0.81887816,0.068956232,,,,
B_wheel210,1000000,wheel210_random,deltaH_210,18,3.9308218,,,,,
B_wheel210,1000000,wheel210_random,R_210,18,5.8002524,,,,,
B_wheel210,1000000,wheel210_cramer,H_wheel210,18,0.70648149,0.042032844,,,,
B_wheel210,1000000,wheel210_cramer,deltaH_210,18,4.0432185,,,,,
B_wheel210,1000000,wheel210_cramer,R_210,18,6.7230353,,,,,
B_wheel210,10000000,wheel210_random,H_wheel210,2,1.7625938,0.076500793,,,,
B_wheel210,10000000,wheel210_random,deltaH_210,2,-0.68769375,,,,,
B_wheel210,10000000,wheel210_random,R_210,2,0.6098399,,,,,
B_wheel210,10000000,wheel210_cramer,H_wheel210,2,1.7601477,0.019125907,,,,
B_wheel210,10000000,wheel210_cramer,deltaH_210,2,-0.68524773,,,,,
B_wheel210,10000000,wheel210_cramer,R_210,2,0.61068738,,,,,
B_wheel210,10000000,wheel210_random,H_wheel210,6,0.60339856,0.02702499,,,,
B_wheel210,10000000,wheel210_random,deltaH_210,6,0.89410144,,,,,
B_wheel210,10000000,wheel210_random,R_210,6,2.4817759,,,,,
B_wheel210,10000000,wheel210_cramer,H_wheel210,6,0.5704351,0.006335805,,,,
B_wheel210,10000000,wheel210_cramer,deltaH_210,6,0.9270649,,,,,
B_wheel210,10000000,wheel210_cramer,R_210,6,2.6251891,,,,,
B_wheel210,10000000,wheel210_random,H_wheel210,10,1.0971827,0.034471481,,,,
B_wheel210,10000000,wheel210_random,deltaH_210,10,0.9147173,,,,,
B_wheel210,10000000,wheel210_random,R_210,10,1.8336964,,,,,
B_wheel210,10000000,wheel210_cramer,H_wheel210,10,1.0829391,0.013091223,,,,
B_wheel210,10000000,wheel210_cramer,deltaH_210,10,0.92896095,,,,,
B_wheel210,10000000,wheel210_cramer,R_210,10,1.8578146,,,,,
B_wheel210,10000000,wheel210_random,H_wheel210,14,1.2244094,0.0158735,,,,
B_wheel210,10000000,wheel210_random,deltaH_210,14,1.4610906,,,,,
B_wheel210,10000000,wheel210_random,R_210,14,2.1933024,,,,,
B_wheel210,10000000,wheel210_cramer,H_wheel210,14,1.1585927,0.02884023,,,,
B_wheel210,10000000,wheel210_cramer,deltaH_210,14,1.5269073,,,,,
B_wheel210,10000000,wheel210_cramer,R_210,14,2.3178983,,,,,
B_wheel210,10000000,wheel210_random,H_wheel210,18,0.82973651,0.020086315,,,,
B_wheel210,10000000,wheel210_random,deltaH_210,18,2.7242635,,,,,
B_wheel210,10000000,wheel210_random,R_210,18,4.2832875,,,,,
B_wheel210,10000000,wheel210_cramer,H_wheel210,18,0.75916697,0.010370548,,,,
B_wheel210,10000000,wheel210_cramer,deltaH_210,18,2.794833,,,,,
B_wheel210,10000000,wheel210_cramer,R_210,18,4.6814471,,,,,
B_wheel210,20000000,wheel210_random,H_wheel210,2,1.6936464,0.057029586,,,,
B_wheel210,20000000,wheel210_random,deltaH_210,2,-0.62554643,,,,,
B_wheel210,20000000,wheel210_random,R_210,2,0.63065111,,,,,
B_wheel210,20000000,wheel210_cramer,H_wheel210,2,1.7468172,0.013870789,,,,
B_wheel210,20000000,wheel210_cramer,deltaH_210,2,-0.67871722,,,,,
B_wheel210,20000000,wheel210_cramer,R_210,2,0.61145493,,,,,
B_wheel210,20000000,wheel210_random,H_wheel210,6,0.59881582,0.011295845,,,,
B_wheel210,20000000,wheel210_random,deltaH_210,6,0.86608418,,,,,
B_wheel210,20000000,wheel210_random,R_210,6,2.4463282,,,,,
B_wheel210,20000000,wheel210_cramer,H_wheel210,6,0.57800734,0.0075331949,,,,
B_wheel210,20000000,wheel210_cramer,deltaH_210,6,0.88689266,,,,,
B_wheel210,20000000,wheel210_cramer,R_210,6,2.5343969,,,,,
B_wheel210,20000000,wheel210_random,H_wheel210,10,1.0963434,0.024847891,,,,
B_wheel210,20000000,wheel210_random,deltaH_210,10,0.8390566,,,,,
B_wheel210,20000000,wheel210_random,R_210,10,1.7653228,,,,,
B_wheel210,20000000,wheel210_cramer,H_wheel210,10,1.0802493,0.0076307898,,,,
B_wheel210,20000000,wheel210_cramer,deltaH_210,10,0.85515073,,,,,
B_wheel210,20000000,wheel210_cramer,R_210,10,1.7916235,,,,,
B_wheel210,20000000,wheel210_random,H_wheel210,14,1.2095792,0.012888841,,,,
B_wheel210,20000000,wheel210_random,deltaH_210,14,1.3312208,,,,,
B_wheel210,20000000,wheel210_random,R_210,14,2.1005652,,,,,
B_wheel210,20000000,wheel210_cramer,H_wheel210,14,1.1670085,0.0097904659,,,,
B_wheel210,20000000,wheel210_cramer,deltaH_210,14,1.3737915,,,,,
B_wheel210,20000000,wheel210_cramer,R_210,14,2.1771906,,,,,
B_wheel210,20000000,wheel210_random,H_wheel210,18,0.82874803,0.035185905,,,,
B_wheel210,20000000,wheel210_random,deltaH_210,18,2.485752,,,,,
B_wheel210,20000000,wheel210_random,R_210,18,3.9994062,,,,,
B_wheel210,20000000,wheel210_cramer,H_wheel210,18,0.76247698,0.0081379806,,,,
B_wheel210,20000000,wheel210_cramer,deltaH_210,18,2.552023,,,,,
B_wheel210,20000000,wheel210_cramer,R_210,18,4.3470165,,,,,
C_hl_proxy,1000000,baseline_vs_proxy,k3_aic_gain,,-1.4739613,,0.005577779,,,gain > 0 favors proxy-augmented model
C_hl_proxy,1000000,baseline_vs_proxy,k4_aic_gain,,-1.9737052,,0.00029296607,,,gain > 0 favors proxy-augmented model
C_hl_proxy,10000000,baseline_vs_proxy,k3_aic_gain,,-1.7429426,,0.0019933177,,,gain > 0 favors proxy-augmented model
C_hl_proxy,10000000,baseline_vs_proxy,k4_aic_gain,,-1.9981936,,1.4367709e-05,,,gain > 0 favors proxy-augmented model
C_hl_proxy,20000000,baseline_vs_proxy,k3_aic_gain,,-1.7982098,,0.0014868611,,,gain > 0 favors proxy-augmented model
C_hl_proxy,20000000,baseline_vs_proxy,k4_aic_gain,,-1.9907016,,6.9840431e-05,,,gain > 0 favors proxy-augmented model
